,,,,,,,,,,,,,,,,,,,,
,,,,,,,,,,,,,,,,,,,,
,Demanda (t),,,,,,,,,,Demanda  / SKU (t),,,,1.558.996,646.702,2.205.698,1.208.487,1.855.189,3.414.185
,,,,,,,,,,,,,,,,,,,,
,Ano Base,Compensada,Em Aberto,Total Contratada,Projetada,Em aberto + Projetada,DEMANDA TOTAL,,,,SKU,Ano Base,UF,material,Compensada,Em Aberto,Total Contratada,Projetada,Em aberto + Projetada,DEMANDA TOTAL
,<=2023,1.053.855,56.346,1.110.202,53.999,110.345,1.164.201,,,,2024-RS-PAPEL,2024,RS,PAPEL,14.267,0,14.267,2.638,2.638,16.905
,2.024,501.972,80.921,582.894,101.572,182.494,684.466,,,,2024-BA-PAPEL,2024,BA,PAPEL,8.871,0,8.871,1.236,1.236,10.107
,2.025,3.168,496.629,499.797,539.488,1.036.117,1.039.285,,,,2024-DF-PLÁSTICO,2024,DF,PLÁSTICO,4.923,8,4.932,539,548,5.471
,>2025,0,12.806,12.806,513.427,526.233,526.233,,,,2024-CE-PAPEL,2024,CE,PAPEL,4.952,1,4.953,1.100,1.101,6.053
,TOTAL,1.558.996,646.702,2.205.698,1.208.487,2.852.400,3.414.185,,,,2024-GO-PAPEL,2024,GO,PAPEL,12.517,8,12.525,4.165,4.172,16.690
,,,,,,,,,,,2024-MT-PAPEL,2024,MT,PAPEL,5.681,0,5.681,1.996,1.996,7.677
,,,,,,,,,,,2024-RS-METAL,2024,RS,METAL,918,0,918,235,235,1.153
,,,,,,,,,,,>2025-AC-METAL,>2025,AC,METAL,0,0,0,172,173,173
,,,,,,,,,,,>2025-RR-METAL,>2025,RR,METAL,0,0,0,69,69,69
,,,,,,,,,,,2024-RN-VIDRO,2024,RN,VIDRO,339,0,339,37,37,376
,,,,,,,,,,,<=2023-SE-METAL,<=2023,SE,METAL,146,0,147,6,7,153
,,,,,,,,,,,2024-PI-VIDRO,2024,PI,VIDRO,258,0,259,17,17,276
,,,,,,,,,,,2024-MA-METAL,2024,MA,METAL,188,1,188,23,23,211
,,,,,,,,,,,>2025-AC-VIDRO,>2025,AC,VIDRO,0,1,1,46,46,46
,,,,,,,,,,,>2025-RR-VIDRO,>2025,RR,VIDRO,0,1,1,54,54,54
,,,,,,,,,,,2024-PE-VIDRO,2024,PE,VIDRO,1.244,1,1.245,52,52,1.296
,,,,,,,,,,,2024-PB-METAL,2024,PB,METAL,274,1,274,37,38,311
,,,,,,,,,,,2024-ES-METAL,2024,ES,METAL,698,1,699,89,90,788
,,,,,,,,,,,2024-PB-VIDRO,2024,PB,VIDRO,253,1,253,15,16,268
,,,,,,,,,,,>2025-AM-METAL,>2025,AM,METAL,0,1,1,786,787,787
,,,,,,,,,,,>2025-AM-VIDRO,>2025,AM,VIDRO,0,1,1,228,229,229
,,,,,,,,,,,>2025-TO-VIDRO,>2025,TO,VIDRO,0,1,1,100,101,101
,,,,,,,,,,,>2025-RO-VIDRO,>2025,RO,VIDRO,0,1,1,153,154,154
,,,,,,,,,,,>2025-PI-VIDRO,>2025,PI,VIDRO,0,2,2,232,233,233
,,,,,,,,,,,>2025-TO-METAL,>2025,TO,METAL,0,2,2,83,84,84
,,,,,,,,,,,<=2023-PE-METAL,<=2023,PE,METAL,838,3,841,24,27,864
,,,,,,,,,,,>2025-PB-VIDRO,>2025,PB,VIDRO,0,2,2,183,185,185
,,,,,,,,,,,>2025-AL-VIDRO,>2025,AL,VIDRO,0,2,2,109,110,110
,,,,,,,,,,,2024-GO-METAL,2024,GO,METAL,1.192,2,1.193,106,108,1.300
,,,,,,,,,,,>2025-SE-METAL,>2025,SE,METAL,0,2,2,143,145,145
,,,,,,,,,,,2024-RO-METAL,2024,RO,METAL,122,2,124,56,58,180
,,,,,,,,,,,>2025-RN-VIDRO,>2025,RN,VIDRO,0,2,2,170,171,171
,,,,,,,,,,,>2025-RO-METAL,>2025,RO,METAL,0,2,2,219,221,221
,,,,,,,,,,,>2025-PI-METAL,>2025,PI,METAL,0,2,2,103,105,105
,,,,,,,,,,,>2025-AL-METAL,>2025,AL,METAL,0,2,2,134,136,136
,,,,,,,,,,,<=2023-AM-VIDRO,<=2023,AM,VIDRO,581,2,583,20,22,602
,,,,,,,,,,,>2025-PB-METAL,>2025,PB,METAL,0,2,2,163,165,165
,,,,,,,,,,,>2025-RN-METAL,>2025,RN,METAL,0,2,2,158,160,160
,,,,,,,,,,,>2025-AP-VIDRO,>2025,AP,VIDRO,0,2,2,43,46,46
,,,,,,,,,,,>2025-SE-VIDRO,>2025,SE,VIDRO,0,3,3,145,147,147
,,,,,,,,,,,2024-RN-PAPEL,2024,RN,PAPEL,2.139,3,2.142,311,314,2.453
,,,,,,,,,,,>2025-MA-VIDRO,>2025,MA,VIDRO,0,3,3,499,502,502
,,,,,,,,,,,>2025-MA-METAL,>2025,MA,METAL,0,3,3,160,164,164
,,,,,,,,,,,>2025-AP-METAL,>2025,AP,METAL,0,3,3,310,314,314
,,,,,,,,,,,2024-RJ-METAL,2024,RJ,METAL,2.384,4,2.387,157,160,2.544
,,,,,,,,,,,2024-PB-PLÁSTICO,2024,PB,PLÁSTICO,2.885,4,2.889,997,1.000,3.885
,,,,,,,,,,,>2025-MS-VIDRO,>2025,MS,VIDRO,0,4,4,332,336,336
,,,,,,,,,,,>2025-MS-METAL,>2025,MS,METAL,0,4,4,201,205,205
,,,,,,,,,,,2024-PB-PAPEL,2024,PB,PAPEL,2.968,4,2.972,479,484,3.451
,,,,,,,,,,,<=2023-GO-METAL,<=2023,GO,METAL,1.671,4,1.675,111,115,1.786
,,,,,,,,,,,>2025-PA-VIDRO,>2025,PA,VIDRO,0,4,4,345,349,349
,,,,,,,,,,,>2025-CE-VIDRO,>2025,CE,VIDRO,0,4,4,466,470,470
,,,,,,,,,,,2024-MA-PAPEL,2024,MA,PAPEL,3.593,5,3.598,1.068,1.073,4.666
,,,,,,,,,,,2024-AL-PAPEL,2024,AL,PAPEL,2.583,5,2.587,254,258,2.841
,,,,,,,,,,,>2025-ES-METAL,>2025,ES,METAL,0,5,5,336,341,341
,,,,,,,,,,,2024-PE-PLÁSTICO,2024,PE,PLÁSTICO,7.126,5,7.131,1.431,1.436,8.562
,,,,,,,,,,,2024-PR-METAL,2024,PR,METAL,1.285,5,1.291,307,313,1.598
,,,,,,,,,,,>2025-ES-VIDRO,>2025,ES,VIDRO,0,5,5,1.172,1.177,1.177
,,,,,,,,,,,>2025-CE-METAL,>2025,CE,METAL,0,5,5,301,306,306
,,,,,,,,,,,>2025-PE-VIDRO,>2025,PE,VIDRO,0,5,5,790,796,796
,,,,,,,,,,,>2025-PA-METAL,>2025,PA,METAL,0,6,6,300,306,306
,,,,,,,,,,,>2025-PE-METAL,>2025,PE,METAL,0,6,6,477,483,483
,,,,,,,,,,,>2025-DF-VIDRO,>2025,DF,VIDRO,0,6,6,1.050,1.056,1.056
,,,,,,,,,,,<=2023-PI-PLÁSTICO,<=2023,PI,PLÁSTICO,3.409,6,3.416,148,154,3.563
,,,,,,,,,,,2024-PE-PAPEL,2024,PE,PAPEL,7.147,7,7.153,1.323,1.330,8.476
,,,,,,,,,,,>2025-GO-METAL,>2025,GO,METAL,0,8,8,519,527,527
,,,,,,,,,,,>2025-DF-METAL,>2025,DF,METAL,0,8,8,293,301,301
,,,,,,,,,,,>2025-AC-PAPEL,>2025,AC,PAPEL,0,8,8,634,642,642
,,,,,,,,,,,2024-CE-PLÁSTICO,2024,CE,PLÁSTICO,4.822,8,4.830,1.650,1.658,6.480
,,,,,,,,,,,<=2023-SC-VIDRO,<=2023,SC,VIDRO,2.201,8,2.210,96,105,2.306
,,,,,,,,,,,>2025-BA-VIDRO,>2025,BA,VIDRO,0,8,8,1.233,1.241,1.241
,,,,,,,,,,,>2025-GO-VIDRO,>2025,GO,VIDRO,0,8,8,1.540,1.548,1.548
,,,,,,,,,,,<=2023-MG-VIDRO,<=2023,MG,VIDRO,5.622,9,5.631,36,45,5.667
,,,,,,,,,,,>2025-MG-METAL,>2025,MG,METAL,0,9,9,1.176,1.185,1.185
,,,,,,,,,,,<=2023-PB-VIDRO,<=2023,PB,VIDRO,368,9,377,6,15,384
,,,,,,,,,,,>2025-AC-PLÁSTICO,>2025,AC,PLÁSTICO,0,9,9,665,675,675
,,,,,,,,,,,<=2023-MA-METAL,<=2023,MA,METAL,333,10,343,16,25,358
,,,,,,,,,,,2024-SC-VIDRO,2024,SC,VIDRO,2.965,10,2.974,110,119,3.084
,,,,,,,,,,,>2025-SC-VIDRO,>2025,SC,VIDRO,0,10,10,1.813,1.823,1.823
,,,,,,,,,,,>2025-BA-METAL,>2025,BA,METAL,0,10,10,475,484,484
,,,,,,,,,,,>2025-MG-VIDRO,>2025,MG,VIDRO,0,10,10,1.642,1.652,1.652
,,,,,,,,,,,>2025-RR-PLÁSTICO,>2025,RR,PLÁSTICO,0,11,11,551,562,562
,,,,,,,,,,,2024-PR-VIDRO,2024,PR,VIDRO,2.517,11,2.528,137,148,2.665
,,,,,,,,,,,<=2023-DF-VIDRO,<=2023,DF,VIDRO,1.651,11,1.662,32,42,1.694
,,,,,,,,,,,<=2023-PI-METAL,<=2023,PI,METAL,210,11,221,24,35,244
,,,,,,,,,,,>2025-RS-VIDRO,>2025,RS,VIDRO,0,11,11,3.242,3.254,3.254
,,,,,,,,,,,>2025-SC-METAL,>2025,SC,METAL,0,12,12,596,608,608
,,,,,,,,,,,>2025-RR-PAPEL,>2025,RR,PAPEL,0,12,12,556,568,568
,,,,,,,,,,,>2025-PR-VIDRO,>2025,PR,VIDRO,0,12,12,1.408,1.421,1.421
,,,,,,,,,,,<=2023-SC-METAL,<=2023,SC,METAL,967,13,980,137,149,1.117
,,,,,,,,,,,2024-PA-METAL,2024,PA,METAL,257,13,269,46,59,315
,,,,,,,,,,,<=2023-RS-VIDRO,<=2023,RS,VIDRO,3.005,14,3.019,818,831,3.837
,,,,,,,,,,,2024-RS-VIDRO,2024,RS,VIDRO,5.095,14,5.109,911,925,6.020
,,,,,,,,,,,<=2023-RS-PAPEL,<=2023,RS,PAPEL,27.926,15,27.940,1.188,1.203,29.128
,,,,,,,,,,,>2025-MT-VIDRO,>2025,MT,VIDRO,0,15,15,575,590,590
,,,,,,,,,,,<=2023-PR-VIDRO,<=2023,PR,VIDRO,2.446,15,2.461,80,95,2.541
,,,,,,,,,,,2024-MG-METAL,2024,MG,METAL,1.727,16,1.742,152,168,1.895
,,,,,,,,,,,>2025-RS-METAL,>2025,RS,METAL,0,16,16,763,778,778
,,,,,,,,,,,<=2023-ES-VIDRO,<=2023,ES,VIDRO,1.636,16,1.652,114,130,1.766
,,,,,,,,,,,2024-DF-METAL,2024,DF,METAL,315,16,331,25,41,356
,,,,,,,,,,,<=2023-PB-PAPEL,<=2023,PB,PAPEL,6.052,17,6.069,213,230,6.282
,,,,,,,,,,,>2025-PR-METAL,>2025,PR,METAL,0,17,17,862,879,879
,,,,,,,,,,,<=2023-AP-VIDRO,<=2023,AP,VIDRO,142,17,160,3,20,162
,,,,,,,,,,,<=2023-AC-METAL,<=2023,AC,METAL,66,18,83,74,92,157
,,,,,,,,,,,<=2023-PI-PAPEL,<=2023,PI,PAPEL,4.341,18,4.359,342,359,4.701
,,,,,,,,,,,<=2023-PB-METAL,<=2023,PB,METAL,345,19,363,33,52,397
,,,,,,,,,,,<=2023-AC-VIDRO,<=2023,AC,VIDRO,120,19,139,1,20,140
,,,,,,,,,,,<=2023-MT-METAL,<=2023,MT,METAL,439,19,458,53,72,511
,,,,,,,,,,,<=2023-DF-METAL,<=2023,DF,METAL,557,19,576,37,57,614
,,,,,,,,,,,<=2023-RO-METAL,<=2023,RO,METAL,175,19,195,75,94,269
,,,,,,,,,,,<=2023-PB-PLÁSTICO,<=2023,PB,PLÁSTICO,5.952,20,5.972,162,182,6.134
,,,,,,,,,,,2024-MS-METAL,2024,MS,METAL,300,20,320,53,73,373
,,,,,,,,,,,>2025-MT-METAL,>2025,MT,METAL,0,21,21,270,291,291
,,,,,,,,,,,<=2023-MG-PLÁSTICO,<=2023,MG,PLÁSTICO,33.068,496,33.564,1.355,1.852,34.920
,,,,,,,,,,,>2025-RJ-VIDRO,>2025,RJ,VIDRO,0,22,22,2.992,3.014,3.014
,,,,,,,,,,,2024-RR-METAL,2024,RR,METAL,11,22,34,18,40,52
,,,,,,,,,,,<=2023-RN-METAL,<=2023,RN,METAL,197,22,220,14,37,234
,,,,,,,,,,,2024-ES-PAPEL,2024,ES,PAPEL,7.537,24,7.561,923,947,8.483
,,,,,,,,,,,2024-AC-METAL,2024,AC,METAL,19,24,43,57,81,100
,,,,,,,,,,,<=2023-MS-METAL,<=2023,MS,METAL,1.426,27,1.453,82,108,1.534
,,,,,,,,,,,2024-RN-METAL,2024,RN,METAL,127,26,153,17,43,171
,,,,,,,,,,,<=2023-ES-METAL,<=2023,ES,METAL,562,28,589,80,107,669
,,,,,,,,,,,<=2023-TO-METAL,<=2023,TO,METAL,78,28,105,12,40,118
,,,,,,,,,,,<=2023-AL-METAL,<=2023,AL,METAL,1.478,29,1.506,31,60,1.537
,,,,,,,,,,,<=2023-BA-METAL,<=2023,BA,METAL,835,29,864,58,87,923
,,,,,,,,,,,>2025-AP-PAPEL,>2025,AP,PAPEL,0,29,29,778,807,807
,,,,,,,,,,,>2025-RJ-METAL,>2025,RJ,METAL,0,29,29,1.098,1.127,1.127
,,,,,,,,,,,<=2023-RR-METAL,<=2023,RR,METAL,97,30,126,27,57,154
,,,,,,,,,,,>2025-AL-PAPEL,>2025,AL,PAPEL,0,32,32,1.553,1.585,1.585
,,,,,,,,,,,2025-RR-METAL,2025,RR,METAL,0,32,32,65,97,97
,,,,,,,,,,,>2025-RO-PAPEL,>2025,RO,PAPEL,0,34,34,2.021,2.055,2.055
,,,,,,,,,,,<=2023-PA-METAL,<=2023,PA,METAL,385,35,421,50,85,471
,,,,,,,,,,,2024-BA-PLÁSTICO,2024,BA,PLÁSTICO,7.239,36,7.275,1.929,1.965,9.204
,,,,,,,,,,,2024-PE-METAL,2024,PE,METAL,314,37,351,50,88,402
,,,,,,,,,,,<=2023-AP-METAL,<=2023,AP,METAL,65,38,103,131,169,234
,,,,,,,,,,,>2025-PI-PAPEL,>2025,PI,PAPEL,0,39,39,2.018,2.057,2.057
,,,,,,,,,,,>2025-RO-PLÁSTICO,>2025,RO,PLÁSTICO,0,40,40,1.827,1.867,1.867
,,,,,,,,,,,<=2023-MT-VIDRO,<=2023,MT,VIDRO,1.111,40,1.151,13,53,1.165
,,,,,,,,,,,<=2023-RJ-METAL,<=2023,RJ,METAL,4.442,40,4.482,146,186,4.628
,,,,,,,,,,,>2025-TO-PLÁSTICO,>2025,TO,PLÁSTICO,0,41,41,1.368,1.409,1.409
,,,,,,,,,,,<=2023-RS-METAL,<=2023,RS,METAL,1.074,41,1.115,208,249,1.322
,,,,,,,,,,,>2025-AM-PAPEL,>2025,AM,PAPEL,0,41,41,2.679,2.720,2.720
,,,,,,,,,,,>2025-AP-PLÁSTICO,>2025,AP,PLÁSTICO,0,41,41,760,801,801
,,,,,,,,,,,2024-SC-PAPEL,2024,SC,PAPEL,16.788,45,16.834,2.282,2.327,19.115
,,,,,,,,,,,<=2023-PE-VIDRO,<=2023,PE,VIDRO,2.238,46,2.283,24,70,2.307
,,,,,,,,,,,>2025-PI-PLÁSTICO,>2025,PI,PLÁSTICO,0,46,46,1.917,1.963,1.963
,,,,,,,,,,,>2025-SE-PLÁSTICO,>2025,SE,PLÁSTICO,0,46,46,1.909,1.955,1.955
,,,,,,,,,,,>2025-AL-PLÁSTICO,>2025,AL,PLÁSTICO,0,47,47,1.828,1.874,1.874
,,,,,,,,,,,2025-AC-METAL,2025,AC,METAL,0,48,48,155,203,203
,,,,,,,,,,,2025-RR-VIDRO,2025,RR,VIDRO,0,48,48,51,99,99
,,,,,,,,,,,2024-MS-PAPEL,2024,MS,PAPEL,4.502,48,4.550,1.747,1.795,6.297
,,,,,,,,,,,<=2023-MG-METAL,<=2023,MG,METAL,2.435,49,2.484,127,176,2.611
,,,,,,,,,,,<=2023-RN-VIDRO,<=2023,RN,VIDRO,459,50,508,5,55,514
,,,,,,,,,,,<=2023-GO-PAPEL,<=2023,GO,PAPEL,20.675,51,20.726,2.447,2.498,23.173
,,,,,,,,,,,>2025-MA-PAPEL,>2025,MA,PAPEL,0,51,51,3.054,3.105,3.105
,,,,,,,,,,,>2025-TO-PAPEL,>2025,TO,PAPEL,0,53,53,1.211,1.264,1.264
,,,,,,,,,,,>2025-PB-PAPEL,>2025,PB,PAPEL,0,53,53,2.419,2.473,2.473
,,,,,,,,,,,>2025-SE-PAPEL,>2025,SE,PAPEL,0,53,53,3.234,3.288,3.288
,,,,,,,,,,,2024-RJ-PAPEL,2024,RJ,PAPEL,22.042,53,22.095,4.387,4.441,26.483
,,,,,,,,,,,2024-AP-VIDRO,2024,AP,VIDRO,7,54,61,4,58,65
,,,,,,,,,,,2025-AP-VIDRO,2025,AP,VIDRO,0,54,54,19,73,73
,,,,,,,,,,,<=2023-RO-VIDRO,<=2023,RO,VIDRO,255,54,309,4,57,313
,,,,,,,,,,,>2025-AM-PLÁSTICO,>2025,AM,PLÁSTICO,0,56,56,3.855,3.911,3.911
,,,,,,,,,,,>2025-RN-PLÁSTICO,>2025,RN,PLÁSTICO,0,57,57,2.230,2.287,2.287
,,,,,,,,,,,<=2023-RR-VIDRO,<=2023,RR,VIDRO,150,57,207,12,69,219
,,,,,,,,,,,2024-MA-VIDRO,2024,MA,VIDRO,564,59,624,139,199,763
,,,,,,,,,,,>2025-RN-PAPEL,>2025,RN,PAPEL,0,60,60,1.931,1.991,1.991
,,,,,,,,,,,2024-PR-PAPEL,2024,PR,PAPEL,18.085,61,18.146,2.522,2.582,20.667
,,,,,,,,,,,<=2023-SE-VIDRO,<=2023,SE,VIDRO,306,61,367,8,69,375
,,,,,,,,,,,<=2023-AM-METAL,<=2023,AM,METAL,924,62,986,322,384,1.308
,,,,,,,,,,,<=2023-MA-VIDRO,<=2023,MA,VIDRO,864,62,927,39,101,966
,,,,,,,,,,,2024-AP-METAL,2024,AP,METAL,2,62,65,116,178,181
,,,,,,,,,,,2025-AC-VIDRO,2025,AC,VIDRO,0,64,64,38,102,102
,,,,,,,,,,,>2025-PB-PLÁSTICO,>2025,PB,PLÁSTICO,0,65,65,2.380,2.445,2.445
,,,,,,,,,,,2025-TO-METAL,2025,TO,METAL,0,69,69,86,155,155
,,,,,,,,,,,<=2023-PA-VIDRO,<=2023,PA,VIDRO,576,69,645,11,79,655
,,,,,,,,,,,2024-AC-VIDRO,2024,AC,VIDRO,3,70,73,3,73,77
,,,,,,,,,,,2025-AP-METAL,2025,AP,METAL,0,70,70,276,346,346
,,,,,,,,,,,2024-RN-PLÁSTICO,2024,RN,PLÁSTICO,1.939,74,2.012,405,478,2.417
,,,,,,,,,,,>2025-MA-PLÁSTICO,>2025,MA,PLÁSTICO,0,79,79,3.392,3.471,3.471
,,,,,,,,,,,<=2023-ES-PLÁSTICO,<=2023,ES,PLÁSTICO,8.377,82,8.459,328,410,8.787
,,,,,,,,,,,<=2023-PR-METAL,<=2023,PR,METAL,2.439,83,2.522,301,384,2.823
,,,,,,,,,,,<=2023-RJ-VIDRO,<=2023,RJ,VIDRO,15.027,84,15.111,137,221,15.247
,,,,,,,,,,,<=2023-MG-PAPEL,<=2023,MG,PAPEL,45.475,84,45.560,1.620,1.704,47.180
,,,,,,,,,,,2024-AM-METAL,2024,AM,METAL,742,85,826,311,396,1.137
,,,,,,,,,,,>2025-MS-PAPEL,>2025,MS,PAPEL,0,85,85,4.071,4.156,4.156
,,,,,,,,,,,2024-TO-METAL,2024,TO,METAL,3,87,90,10,97,100
,,,,,,,,,,,<=2023-ES-PAPEL,<=2023,ES,PAPEL,12.229,92,12.321,483,575,12.804
,,,,,,,,,,,<=2023-CE-PAPEL,<=2023,CE,PAPEL,9.260,92,9.352,421,513,9.772
,,,,,,,,,,,<=2023-SC-PAPEL,<=2023,SC,PAPEL,24.020,92,24.113,1.606,1.698,25.719
,,,,,,,,,,,<=2023-DF-PLÁSTICO,<=2023,DF,PLÁSTICO,9.634,95,9.729,464,558,10.193
,,,,,,,,,,,<=2023-RS-PLÁSTICO,<=2023,RS,PLÁSTICO,18.448,97,18.545,1.000,1.096,19.545
,,,,,,,,,,,2024-RR-VIDRO,2024,RR,VIDRO,0,101,101,21,122,122
,,,,,,,,,,,2025-PI-METAL,2025,PI,METAL,0,101,101,133,234,234
,,,,,,,,,,,2024-PR-PLÁSTICO,2024,PR,PLÁSTICO,11.773,107,11.880,1.563,1.670,13.443
,,,,,,,,,,,2024-BA-VIDRO,2024,BA,VIDRO,1.820,108,1.928,108,216,2.036
,,,,,,,,,,,2025-RO-METAL,2025,RO,METAL,0,109,109,214,323,323
,,,,,,,,,,,>2025-SP-METAL,>2025,SP,METAL,0,111,111,4.762,4.873,4.873
,,,,,,,,,,,>2025-PA-PAPEL,>2025,PA,PAPEL,0,112,112,4.067,4.179,4.179
,,,,,,,,,,,>2025-CE-PAPEL,>2025,CE,PAPEL,0,112,112,3.813,3.925,3.925
,,,,,,,,,,,<=2023-MS-VIDRO,<=2023,MS,VIDRO,5.471,113,5.584,104,218,5.689
,,,,,,,,,,,>2025-MS-PLÁSTICO,>2025,MS,PLÁSTICO,0,118,118,4.211,4.328,4.328
,,,,,,,,,,,<=2023-PE-PAPEL,<=2023,PE,PAPEL,14.428,119,14.547,536,655,15.083
,,,,,,,,,,,2024-PI-METAL,2024,PI,METAL,215,121,336,25,146,361
,,,,,,,,,,,<=2023-MT-PAPEL,<=2023,MT,PAPEL,10.960,123,11.083,1.317,1.440,12.400
,,,,,,,,,,,<=2023-MS-PAPEL,<=2023,MS,PAPEL,16.642,162,16.804,2.556,2.718,19.360
,,,,,,,,,,,2024-RJ-PLÁSTICO,2024,RJ,PLÁSTICO,18.728,127,18.855,1.486,1.612,20.341
,,,,,,,,,,,2025-TO-VIDRO,2025,TO,VIDRO,0,137,137,74,212,212
,,,,,,,,,,,>2025-ES-PLÁSTICO,>2025,ES,PLÁSTICO,0,141,141,4.860,5.001,5.001
,,,,,,,,,,,2025-SE-METAL,2025,SE,METAL,0,142,142,96,238,238
,,,,,,,,,,,<=2023-PR-PLÁSTICO,<=2023,PR,PLÁSTICO,22.974,143,23.116,1.080,1.223,24.196
,,,,,,,,,,,2024-RJ-VIDRO,2024,RJ,VIDRO,10.628,143,10.771,452,595,11.223
,,,,,,,,,,,>2025-PE-PAPEL,>2025,PE,PAPEL,0,144,144,6.756,6.900,6.900
,,,,,,,,,,,2025-AL-METAL,2025,AL,METAL,0,145,145,107,252,252
,,,,,,,,,,,>2025-PA-PLÁSTICO,>2025,PA,PLÁSTICO,0,146,146,5.849,5.995,5.995
,,,,,,,,,,,>2025-PE-PLÁSTICO,>2025,PE,PLÁSTICO,0,148,148,7.128,7.276,7.276
,,,,,,,,,,,2025-RN-METAL,2025,RN,METAL,0,162,162,133,294,294
,,,,,,,,,,,<=2023-DF-PAPEL,<=2023,DF,PAPEL,10.854,163,11.016,762,925,11.778
,,,,,,,,,,,>2025-DF-PAPEL,>2025,DF,PAPEL,0,164,164,5.277,5.440,5.440
,,,,,,,,,,,<=2023-CE-VIDRO,<=2023,CE,VIDRO,642,165,807,18,183,826
,,,,,,,,,,,2025-AL-VIDRO,2025,AL,VIDRO,0,165,165,80,245,245
,,,,,,,,,,,<=2023-MT-PLÁSTICO,<=2023,MT,PLÁSTICO,7.667,166,7.833,576,742,8.409
,,,,,,,,,,,2025-AM-METAL,2025,AM,METAL,3,174,177,733,907,910
,,,,,,,,,,,2025-MA-METAL,2025,MA,METAL,0,176,176,191,366,366
,,,,,,,,,,,>2025-CE-PLÁSTICO,>2025,CE,PLÁSTICO,0,177,177,4.780,4.957,4.957
,,,,,,,,,,,>2025-BA-PAPEL,>2025,BA,PAPEL,0,182,182,7.289,7.472,7.472
,,,,,,,,,,,<=2023-AM-PAPEL,<=2023,AM,PAPEL,4.802,185,4.987,303,488,5.290
,,,,,,,,,,,2025-MS-METAL,2025,MS,METAL,4,187,191,277,465,469
,,,,,,,,,,,<=2023-RN-PLÁSTICO,<=2023,RN,PLÁSTICO,4.003,189,4.192,175,364,4.367
,,,,,,,,,,,2024-RR-PLÁSTICO,2024,RR,PLÁSTICO,333,195,528,49,244,577
,,,,,,,,,,,2025-RO-VIDRO,2025,RO,VIDRO,0,200,200,118,318,318
,,,,,,,,,,,2024-RO-VIDRO,2024,RO,VIDRO,2,200,202,6,206,209
,,,,,,,,,,,>2025-DF-PLÁSTICO,>2025,DF,PLÁSTICO,0,202,202,5.111,5.313,5.313
,,,,,,,,,,,>2025-MT-PAPEL,>2025,MT,PAPEL,0,203,203,6.076,6.279,6.279
,,,,,,,,,,,2025-RN-VIDRO,2025,RN,VIDRO,0,205,205,171,376,376
,,,,,,,,,,,>2025-SP-VIDRO,>2025,SP,VIDRO,0,213,213,10.863,11.075,11.075
,,,,,,,,,,,>2025-ES-PAPEL,>2025,ES,PAPEL,0,213,213,7.047,7.260,7.260
,,,,,,,,,,,2024-SE-METAL,2024,SE,METAL,0,213,213,7,221,221
,,,,,,,,,,,<=2023-PI-VIDRO,<=2023,PI,VIDRO,371,214,585,8,222,593
,,,,,,,,,,,2025-SE-VIDRO,2025,SE,VIDRO,0,216,216,110,325,325
,,,,,,,,,,,<=2023-SC-PLÁSTICO,<=2023,SC,PLÁSTICO,16.036,216,16.253,840,1.057,17.093
,,,,,,,,,,,2024-AP-PLÁSTICO,2024,AP,PLÁSTICO,438,217,655,113,330,768
,,,,,,,,,,,<=2023-RN-PAPEL,<=2023,RN,PAPEL,4.263,226,4.489,198,424,4.687
,,,,,,,,,,,<=2023-CE-METAL,<=2023,CE,METAL,678,227,905,72,299,978
,,,,,,,,,,,<=2023-BA-PLÁSTICO,<=2023,BA,PLÁSTICO,15.960,228,16.188,659,887,16.847
,,,,,,,,,,,>2025-BA-PLÁSTICO,>2025,BA,PLÁSTICO,0,229,229,8.619,8.848,8.848
,,,,,,,,,,,<=2023-TO-VIDRO,<=2023,TO,VIDRO,482,232,714,4,235,717
,,,,,,,,,,,2025-PB-VIDRO,2025,PB,VIDRO,0,235,235,125,360,360
,,,,,,,,,,,>2025-GO-PAPEL,>2025,GO,PAPEL,0,237,237,10.987,11.224,11.224
,,,,,,,,,,,<=2023-AC-PLÁSTICO,<=2023,AC,PLÁSTICO,934,237,1.171,52,289,1.224
,,,,,,,,,,,<=2023-AC-PAPEL,<=2023,AC,PAPEL,1.223,237,1.460,54,291,1.514
,,,,,,,,,,,2025-PB-METAL,2025,PB,METAL,0,237,237,176,414,414
,,,,,,,,,,,<=2023-BA-PAPEL,<=2023,BA,PAPEL,17.046,244,17.290,724,969,18.015
,,,,,,,,,,,<=2023-BA-VIDRO,<=2023,BA,VIDRO,2.607,246,2.853,47,293,2.900
,,,,,,,,,,,2025-PI-VIDRO,2025,PI,VIDRO,0,254,254,152,406,406
,,,,,,,,,,,<=2023-AP-PLÁSTICO,<=2023,AP,PLÁSTICO,1.099,256,1.355,80,336,1.434
,,,,,,,,,,,2025-PA-METAL,2025,PA,METAL,0,258,258,320,578,578
,,,,,,,,,,,2024-DF-PAPEL,2024,DF,PAPEL,6.113,259,6.372,1.687,1.946,8.059
,,,,,,,,,,,2024-TO-VIDRO,2024,TO,VIDRO,1,263,264,3,267,268
,,,,,,,,,,,2025-AM-VIDRO,2025,AM,VIDRO,0,264,264,196,460,460
,,,,,,,,,,,<=2023-PE-PLÁSTICO,<=2023,PE,PLÁSTICO,15.354,266,15.620,409,675,16.029
,,,,,,,,,,,>2025-RS-PAPEL,>2025,RS,PAPEL,0,268,268,14.653,14.921,14.921
,,,,,,,,,,,<=2023-AM-PLÁSTICO,<=2023,AM,PLÁSTICO,8.447,272,8.719,200,473,8.919
,,,,,,,,,,,2024-MT-METAL,2024,MT,METAL,73,273,346,54,327,400
,,,,,,,,,,,2025-CE-METAL,2025,CE,METAL,0,275,275,884,1.159,1.159
,,,,,,,,,,,>2025-GO-PLÁSTICO,>2025,GO,PLÁSTICO,0,275,275,11.111,11.386,11.386
,,,,,,,,,,,>2025-SC-PLÁSTICO,>2025,SC,PLÁSTICO,0,276,276,10.107,10.383,10.383
,,,,,,,,,,,>2025-MT-PLÁSTICO,>2025,MT,PLÁSTICO,0,277,277,4.892,5.169,5.169
,,,,,,,,,,,2025-MT-METAL,2025,MT,METAL,0,278,278,363,641,641
,,,,,,,,,,,>2025-PR-PAPEL,>2025,PR,PAPEL,0,284,284,15.986,16.271,16.271
,,,,,,,,,,,<=2023-AP-PAPEL,<=2023,AP,PAPEL,1.130,296,1.426,116,412,1.542
,,,,,,,,,,,<=2023-MA-PAPEL,<=2023,MA,PAPEL,6.560,297,6.856,344,641,7.200
,,,,,,,,,,,>2025-SC-PAPEL,>2025,SC,PAPEL,0,298,298,15.898,16.196,16.196
,,,,,,,,,,,2025-ES-METAL,2025,ES,METAL,0,305,305,407,711,711
,,,,,,,,,,,2024-TO-PLÁSTICO,2024,TO,PLÁSTICO,1.093,308,1.400,172,480,1.573
,,,,,,,,,,,2024-MA-PLÁSTICO,2024,MA,PLÁSTICO,2.268,320,2.588,437,757,3.025
,,,,,,,,,,,2024-AC-PLÁSTICO,2024,AC,PLÁSTICO,306,319,625,54,373,679
,,,,,,,,,,,2025-DF-METAL,2025,DF,METAL,4,323,327,333,657,660
,,,,,,,,,,,>2025-RJ-PAPEL,>2025,RJ,PAPEL,0,327,327,18.681,19.009,19.009
,,,,,,,,,,,2024-MS-VIDRO,2024,MS,VIDRO,560,331,891,302,633,1.193
,,,,,,,,,,,>2025-RS-PLÁSTICO,>2025,RS,PLÁSTICO,0,333,333,13.088,13.421,13.421
,,,,,,,,,,,2024-ES-PLÁSTICO,2024,ES,PLÁSTICO,4.385,336,4.721,425,761,5.146
,,,,,,,,,,,2024-CE-VIDRO,2024,CE,VIDRO,172,344,516,41,385,557
,,,,,,,,,,,2024-BA-METAL,2024,BA,METAL,253,358,611,56,414,667
,,,,,,,,,,,<=2023-AL-PAPEL,<=2023,AL,PAPEL,4.146,371,4.517,139,510,4.656
,,,,,,,,,,,2024-AM-VIDRO,2024,AM,VIDRO,39,380,419,45,425,464
,,,,,,,,,,,2025-PA-VIDRO,2025,PA,VIDRO,0,383,383,289,673,673
,,,,,,,,,,,>2025-MG-PAPEL,>2025,MG,PAPEL,0,387,387,22.795,23.182,23.182
,,,,,,,,,,,>2025-PR-PLÁSTICO,>2025,PR,PLÁSTICO,0,391,391,12.785,13.176,13.176
,,,,,,,,,,,2025-MS-VIDRO,2025,MS,VIDRO,0,396,396,546,942,942
,,,,,,,,,,,2025-RR-PLÁSTICO,2025,RR,PLÁSTICO,0,404,404,468,872,872
,,,,,,,,,,,<=2023-MA-PLÁSTICO,<=2023,MA,PLÁSTICO,5.021,411,5.432,242,652,5.673
,,,,,,,,,,,>2025-MG-PLÁSTICO,>2025,MG,PLÁSTICO,0,423,423,23.232,23.654,23.654
,,,,,,,,,,,2024-SP-VIDRO,2024,SP,VIDRO,19.391,452,19.842,3.019,3.471,22.862
,,,,,,,,,,,2024-SE-VIDRO,2024,SE,VIDRO,0,465,465,13,478,479
,,,,,,,,,,,<=2023-SE-PLÁSTICO,<=2023,SE,PLÁSTICO,2.411,488,2.900,204,692,3.103
,,,,,,,,,,,2024-AM-PLÁSTICO,2024,AM,PLÁSTICO,2.278,490,2.768,246,737,3.015
,,,,,,,,,,,2025-PE-METAL,2025,PE,METAL,7,494,501,372,866,873
,,,,,,,,,,,2025-AC-PLÁSTICO,2025,AC,PLÁSTICO,0,510,510,621,1.131,1.131
,,,,,,,,,,,2025-MA-VIDRO,2025,MA,VIDRO,0,514,514,318,833,833
,,,,,,,,,,,<=2023-TO-PAPEL,<=2023,TO,PAPEL,2.129,515,2.643,157,671,2.800
,,,,,,,,,,,2025-GO-METAL,2025,GO,METAL,28,529,557,529,1.058,1.086
,,,,,,,,,,,<=2023-RJ-PAPEL,<=2023,RJ,PAPEL,52.169,533,52.702,1.577,2.110,54.279
,,,,,,,,,,,2024-AL-PLÁSTICO,2024,AL,PLÁSTICO,1.346,535,1.880,296,831,2.176
,,,,,,,,,,,2025-BA-METAL,2025,BA,METAL,0,537,537,480,1.017,1.017
,,,,,,,,,,,2024-RR-PAPEL,2024,RR,PAPEL,54,542,597,213,755,809
,,,,,,,,,,,2025-CE-VIDRO,2025,CE,VIDRO,0,556,556,315,871,871
,,,,,,,,,,,<=2023-TO-PLÁSTICO,<=2023,TO,PLÁSTICO,1.301,561,1.863,128,690,1.991
,,,,,,,,,,,2024-PA-VIDRO,2024,PA,VIDRO,9,571,580,32,603,612
,,,,,,,,,,,2024-SC-METAL,2024,SC,METAL,173,577,750,137,714,887
,,,,,,,,,,,2024-GO-PLÁSTICO,2024,GO,PLÁSTICO,9.542,579,10.121,2.611,3.189,12.732
,,,,,,,,,,,2025-SC-METAL,2025,SC,METAL,0,590,590,918,1.507,1.507
,,,,,,,,,,,2024-PI-PLÁSTICO,2024,PI,PLÁSTICO,979,597,1.576,319,916,1.895
,,,,,,,,,,,<=2023-RR-PAPEL,<=2023,RR,PAPEL,1.099,609,1.708,203,812,1.911
,,,,,,,,,,,2025-AP-PLÁSTICO,2025,AP,PLÁSTICO,0,609,609,606,1.215,1.215
,,,,,,,,,,,>2025-RJ-PLÁSTICO,>2025,RJ,PLÁSTICO,0,634,634,17.256,17.890,17.890
,,,,,,,,,,,2025-RR-PAPEL,2025,RR,PAPEL,0,642,642,697,1.339,1.339
,,,,,,,,,,,2024-DF-VIDRO,2024,DF,VIDRO,1.234,643,1.878,40,683,1.918
,,,,,,,,,,,2025-AC-PAPEL,2025,AC,PAPEL,0,646,646,742,1.388,1.388
,,,,,,,,,,,2024-MT-VIDRO,2024,MT,VIDRO,452,647,1.099,21,668,1.120
,,,,,,,,,,,<=2023-SE-PAPEL,<=2023,SE,PAPEL,2.728,647,3.375,223,871,3.598
,,,,,,,,,,,2025-MT-VIDRO,2025,MT,VIDRO,0,666,666,421,1.087,1.087
,,,,,,,,,,,2024-AM-PAPEL,2024,AM,PAPEL,2.094,670,2.764,520,1.190,3.284
,,,,,,,,,,,2025-RS-METAL,2025,RS,METAL,31,679,710,1.174,1.853,1.884
,,,,,,,,,,,2024-SP-METAL,2024,SP,METAL,6.058,681,6.740,992,1.673,7.731
,,,,,,,,,,,<=2023-RJ-PLÁSTICO,<=2023,RJ,PLÁSTICO,43.873,718,44.591,997,1.715,45.587
,,,,,,,,,,,<=2023-AL-PLÁSTICO,<=2023,AL,PLÁSTICO,2.651,705,3.356,119,824,3.475
,,,,,,,,,,,2024-RO-PLÁSTICO,2024,RO,PLÁSTICO,788,712,1.499,184,896,1.683
,,,,,,,,,,,2024-AP-PAPEL,2024,AP,PAPEL,80,719,799,142,861,941
,,,,,,,,,,,<=2023-RO-PAPEL,<=2023,RO,PAPEL,2.731,729,3.460,173,901,3.632
,,,,,,,,,,,2024-AC-PAPEL,2024,AC,PAPEL,56,730,786,73,803,859
,,,,,,,,,,,<=2023-RR-PLÁSTICO,<=2023,RR,PLÁSTICO,886,732,1.617,66,798,1.683
,,,,,,,,,,,<=2023-SP-METAL,<=2023,SP,METAL,11.005,733,11.738,783,1.516,12.521
,,,,,,,,,,,2024-CE-METAL,2024,CE,METAL,123,737,859,606,1.343,1.466
,,,,,,,,,,,2025-PE-VIDRO,2025,PE,VIDRO,0,829,829,509,1.338,1.338
,,,,,,,,,,,2025-AP-PAPEL,2025,AP,PAPEL,0,831,831,812,1.643,1.643
,,,,,,,,,,,<=2023-GO-VIDRO,<=2023,GO,VIDRO,2.454,879,3.333,374,1.253,3.707
,,,,,,,,,,,<=2023-SP-VIDRO,<=2023,SP,VIDRO,25.482,909,26.391,1.107,2.017,27.499
,,,,,,,,,,,2025-TO-PLÁSTICO,2025,TO,PLÁSTICO,0,942,942,1.245,2.188,2.188
,,,,,,,,,,,<=2023-PR-PAPEL,<=2023,PR,PAPEL,30.013,950,30.963,1.469,2.419,32.432
,,,,,,,,,,,2025-RJ-METAL,2025,RJ,METAL,21,1.031,1.052,1.339,2.370,2.392
,,,,,,,,,,,2025-PR-METAL,2025,PR,METAL,29,1.075,1.104,1.295,2.369,2.399
,,,,,,,,,,,2025-ES-VIDRO,2025,ES,VIDRO,0,1.147,1.147,1.281,2.427,2.427
,,,,,,,,,,,2025-TO-PAPEL,2025,TO,PAPEL,0,1.233,1.233,1.262,2.495,2.495
,,,,,,,,,,,2024-TO-PAPEL,2024,TO,PAPEL,96,1.238,1.334,206,1.444,1.540
,,,,,,,,,,,2025-MG-METAL,2025,MG,METAL,0,1.247,1.247,1.476,2.723,2.723
,,,,,,,,,,,2025-AL-PLÁSTICO,2025,AL,PLÁSTICO,1,1.253,1.254,1.639,2.892,2.893
,,,,,,,,,,,<=2023-RO-PLÁSTICO,<=2023,RO,PLÁSTICO,2.367,1.268,3.635,140,1.408,3.775
,,,,,,,,,,,2024-ES-VIDRO,2024,ES,VIDRO,29,1.350,1.379,431,1.781,1.810
,,,,,,,,,,,2025-RO-PLÁSTICO,2025,RO,PLÁSTICO,0,1.356,1.356,1.487,2.844,2.844
,,,,,,,,,,,2024-SP-PAPEL,2024,SP,PAPEL,86.278,1.381,87.659,19.341,20.722,107.000
,,,,,,,,,,,<=2023-PA-PAPEL,<=2023,PA,PAPEL,7.375,1.384,8.759,484,1.867,9.242
,,,,,,,,,,,2025-PI-PLÁSTICO,2025,PI,PLÁSTICO,0,1.397,1.397,1.668,3.065,3.065
,,,,,,,,,,,2025-SE-PLÁSTICO,2025,SE,PLÁSTICO,0,1.399,1.399,1.778,3.177,3.177
,,,,,,,,,,,2025-BA-VIDRO,2025,BA,VIDRO,11,1.401,1.412,628,2.030,2.040
,,,,,,,,,,,2024-RO-PAPEL,2024,RO,PAPEL,351,1.458,1.809,306,1.764,2.115
,,,,,,,,,,,<=2023-AL-VIDRO,<=2023,AL,VIDRO,1.021,1.467,2.488,4,1.471,2.492
,,,,,,,,,,,2025-GO-VIDRO,2025,GO,VIDRO,123,1.536,1.659,3.022,4.558,4.681
,,,,,,,,,,,<=2023-CE-PLÁSTICO,<=2023,CE,PLÁSTICO,7.082,1.552,8.634,327,1.879,8.961
,,,,,,,,,,,2024-AL-METAL,2024,AL,METAL,476,1.558,2.035,11,1.570,2.046
,,,,,,,,,,,2025-RN-PLÁSTICO,2025,RN,PLÁSTICO,0,1.570,1.570,2.001,3.571,3.571
,,,,,,,,,,,2024-MS-PLÁSTICO,2024,MS,PLÁSTICO,2.810,1.574,4.384,2.897,4.471,7.281
,,,,,,,,,,,2025-DF-VIDRO,2025,DF,VIDRO,58,1.623,1.681,901,2.525,2.583
,,,,,,,,,,,2025-AL-PAPEL,2025,AL,PAPEL,1,1.697,1.698,1.647,3.344,3.345
,,,,,,,,,,,2025-PB-PLÁSTICO,2025,PB,PLÁSTICO,1,1.754,1.755,2.836,4.590,4.591
,,,,,,,,,,,>2025-SP-PAPEL,>2025,SP,PAPEL,0,1.795,1.795,74.865,76.660,76.660
,,,,,,,,,,,2024-PI-PAPEL,2024,PI,PAPEL,455,1.817,2.272,717,2.533,2.989
,,,,,,,,,,,<=2023-GO-PLÁSTICO,<=2023,GO,PLÁSTICO,15.170,1.844,17.014,2.119,3.963,19.133
,,,,,,,,,,,<=2023-PA-PLÁSTICO,<=2023,PA,PLÁSTICO,6.322,1.894,8.215,429,2.322,8.644
,,,,,,,,,,,2025-RN-PAPEL,2025,RN,PAPEL,0,2.040,2.040,2.059,4.099,4.099
,,,,,,,,,,,2025-RO-PAPEL,2025,RO,PAPEL,0,2.083,2.083,1.770,3.853,3.853
,,,,,,,,,,,2025-PI-PAPEL,2025,PI,PAPEL,0,2.119,2.119,2.385,4.504,4.504
,,,,,,,,,,,2024-RS-PLÁSTICO,2024,RS,PLÁSTICO,10.574,2.184,12.758,2.405,4.589,15.163
,,,,,,,,,,,2024-MG-PAPEL,2024,MG,PAPEL,25.497,2.185,27.682,3.902,6.087,31.584
,,,,,,,,,,,<=2023-MS-PLÁSTICO,<=2023,MS,PLÁSTICO,12.971,2.338,15.310,2.560,4.898,17.869
,,,,,,,,,,,2024-SE-PLÁSTICO,2024,SE,PLÁSTICO,43,2.369,2.412,349,2.718,2.761
,,,,,,,,,,,2024-MT-PLÁSTICO,2024,MT,PLÁSTICO,1.970,2.394,4.364,655,3.049,5.019
,,,,,,,,,,,2025-MA-PLÁSTICO,2025,MA,PLÁSTICO,3,2.415,2.418,2.762,5.178,5.181
,,,,,,,,,,,2024-SE-PAPEL,2024,SE,PAPEL,56,2.451,2.507,522,2.973,3.029
,,,,,,,,,,,2025-PR-VIDRO,2025,PR,VIDRO,0,2.526,2.526,1.467,3.992,3.992
,,,,,,,,,,,>2025-SP-PLÁSTICO,>2025,SP,PLÁSTICO,0,2.576,2.576,71.014,73.590,73.590
,,,,,,,,,,,2025-AM-PAPEL,2025,AM,PAPEL,0,2.599,2.599,3.366,5.965,5.965
,,,,,,,,,,,2025-PB-PAPEL,2025,PB,PAPEL,1,2.708,2.709,2.826,5.533,5.535
,,,,,,,,,,,2025-AM-PLÁSTICO,2025,AM,PLÁSTICO,0,2.783,2.783,3.586,6.369,6.369
,,,,,,,,,,,2024-MG-VIDRO,2024,MG,VIDRO,2.313,2.817,5.130,201,3.018,5.330
,,,,,,,,,,,2025-SC-VIDRO,2025,SC,VIDRO,0,2.909,2.909,1.882,4.791,4.791
,,,,,,,,,,,2024-PA-PLÁSTICO,2024,PA,PLÁSTICO,1.399,2.911,4.310,705,3.616,5.015
,,,,,,,,,,,2025-MG-VIDRO,2025,MG,VIDRO,0,2.914,2.914,1.492,4.406,4.406
,,,,,,,,,,,2024-GO-VIDRO,2024,GO,VIDRO,1.153,2.936,4.089,362,3.298,4.451
,,,,,,,,,,,2024-AL-VIDRO,2024,AL,VIDRO,602,2.947,3.548,7,2.954,3.556
,,,,,,,,,,,2025-RS-VIDRO,2025,RS,VIDRO,4,3.021,3.025,3.525,6.546,6.550
,,,,,,,,,,,2025-MS-PLÁSTICO,2025,MS,PLÁSTICO,48,3.097,3.146,4.770,7.867,7.916
,,,,,,,,,,,2025-MA-PAPEL,2025,MA,PAPEL,11,3.182,3.193,3.868,7.050,7.061
,,,,,,,,,,,2025-RJ-VIDRO,2025,RJ,VIDRO,93,3.183,3.275,2.712,5.895,5.988
,,,,,,,,,,,2024-PA-PAPEL,2024,PA,PAPEL,1.228,3.220,4.448,697,3.917,5.145
,,,,,,,,,,,2025-CE-PLÁSTICO,2025,CE,PLÁSTICO,0,3.270,3.270,4.958,8.228,8.228
,,,,,,,,,,,2025-PA-PLÁSTICO,2025,PA,PLÁSTICO,0,3.835,3.835,4.455,8.291,8.291
,,,,,,,,,,,2025-MS-PAPEL,2025,MS,PAPEL,56,3.866,3.922,4.635,8.501,8.557
,,,,,,,,,,,2025-CE-PAPEL,2025,CE,PAPEL,6,4.009,4.015,4.637,8.647,8.653
,,,,,,,,,,,2025-SE-PAPEL,2025,SE,PAPEL,0,4.061,4.061,2.414,6.475,6.475
,,,,,,,,,,,2025-PA-PAPEL,2025,PA,PAPEL,0,4.099,4.099,4.321,8.420,8.420
,,,,,,,,,,,2025-DF-PLÁSTICO,2025,DF,PLÁSTICO,5,4.249,4.253,4.001,8.250,8.254
,,,,,,,,,,,2025-MT-PLÁSTICO,2025,MT,PLÁSTICO,0,4.335,4.335,4.893,9.228,9.228
,,,,,,,,,,,2025-ES-PLÁSTICO,2025,ES,PLÁSTICO,0,4.437,4.437,4.393,8.830,8.830
,,,,,,,,,,,2025-SP-METAL,2025,SP,METAL,0,4.667,4.667,5.697,10.364,10.364
,,,,,,,,,,,2025-PE-PLÁSTICO,2025,PE,PLÁSTICO,2,5.357,5.359,6.897,12.254,12.256
,,,,,,,,,,,2025-DF-PAPEL,2025,DF,PAPEL,9,5.454,5.463,6.851,12.305,12.314
,,,,,,,,,,,2025-BA-PLÁSTICO,2025,BA,PLÁSTICO,143,5.671,5.815,7.894,13.566,13.709
,,,,,,,,,,,2024-SC-PLÁSTICO,2024,SC,PLÁSTICO,4.699,5.714,10.413,1.577,7.292,11.991
,,,,,,,,,,,2025-MT-PAPEL,2025,MT,PAPEL,12,6.745,6.757,6.815,13.561,13.573
,,,,,,,,,,,2025-PE-PAPEL,2025,PE,PAPEL,146,6.987,7.133,7.251,14.237,14.383
,,,,,,,,,,,2025-ES-PAPEL,2025,ES,PAPEL,0,7.523,7.523,7.282,14.804,14.804
,,,,,,,,,,,2025-BA-PAPEL,2025,BA,PAPEL,0,7.748,7.748,7.775,15.523,15.523
,,,,,,,,,,,2025-SC-PLÁSTICO,2025,SC,PLÁSTICO,0,9.240,9.240,10.925,20.165,20.165
,,,,,,,,,,,2024-MG-PLÁSTICO,2024,MG,PLÁSTICO,12.140,9.598,21.738,2.451,12.049,24.189
,,,,,,,,,,,<=2023-SP-PLÁSTICO,<=2023,SP,PLÁSTICO,159.974,10.005,169.979,4.852,14.857,174.832
,,,,,,,,,,,2025-GO-PAPEL,2025,GO,PAPEL,667,10.129,10.796,13.420,23.550,24.217
,,,,,,,,,,,2025-GO-PLÁSTICO,2025,GO,PLÁSTICO,3,10.169,10.172,10.109,20.278,20.281
,,,,,,,,,,,2025-SP-VIDRO,2025,SP,VIDRO,0,10.891,10.891,10.616,21.506,21.506
,,,,,,,,,,,2025-PR-PLÁSTICO,2025,PR,PLÁSTICO,6,11.808,11.814,12.855,24.663,24.669
,,,,,,,,,,,2025-RS-PLÁSTICO,2025,RS,PLÁSTICO,4,11.978,11.982,14.003,25.982,25.985
,,,,,,,,,,,2024-SP-PLÁSTICO,2024,SP,PLÁSTICO,59.215,12.413,71.628,10.587,22.999,82.214
,,,,,,,,,,,2025-RS-PAPEL,2025,RS,PAPEL,1.030,14.562,15.591,16.342,30.904,31.934
,,,,,,,,,,,2025-RJ-PLÁSTICO,2025,RJ,PLÁSTICO,293,15.333,15.626,15.432,30.765,31.058
,,,,,,,,,,,<=2023-SP-PAPEL,<=2023,SP,PAPEL,171.034,16.308,187.342,8.477,24.785,195.819
,,,,,,,,,,,2025-SC-PAPEL,2025,SC,PAPEL,0,16.428,16.428,19.710,36.139,36.139
,,,,,,,,,,,2025-PR-PAPEL,2025,PR,PAPEL,57,17.213,17.270,18.766,35.980,36.037
,,,,,,,,,,,2025-RJ-PAPEL,2025,RJ,PAPEL,89,19.561,19.650,21.460,41.021,41.110
,,,,,,,,,,,2025-MG-PLÁSTICO,2025,MG,PLÁSTICO,0,21.268,21.269,20.629,41.897,41.898
,,,,,,,,,,,2025-MG-PAPEL,2025,MG,PAPEL,0,23.334,23.334,25.474,48.807,48.807
,,,,,,,,,,,2025-SP-PLÁSTICO,2025,SP,PLÁSTICO,21,65.135,65.155,68.532,133.667,133.687
,,,,,,,,,,,2025-SP-PAPEL,2025,SP,PAPEL,139,79.276,79.416,86.169,165.445,165.584